name,liveDemo
SafeSpace,TRUE
Harmony AI,TRUE
ProjX,TRUE
Core Four,TRUE
Futura,TRUE
Ocean Microplastics Mania,TRUE
Browser Aquarium,TRUE
Exquisite Corpse,TRUE
Under the Weather,TRUE
Ocean Awareness,TRUE
EdVenture Bot,TRUE
Deep Blue Clean Up,TRUE
Hobby Harbor,TRUE
Maritime,TRUE
Let's Link,TRUE
Hinder,TRUE
TerraWatts,TRUE
Last Minute,TRUE
Finding FishE,TRUE
Poqua,TRUE
Ocean Server,TRUE
Class Recommendations,TRUE
Inspect Beantown,TRUE
Arise,TRUE
Productivity Under the Sea,TRUE
Rate My Lab Partner,TRUE
DiscountBytes,TRUE
The Perfect Pantry,TRUE
Closet Companion,TRUE
LearnFlow,TRUE
full stack calendar app,TRUE
placeholder 1,TRUE
,